sample_id,score
6847465956a0f6376a6053c9,0.6081081081081081
683a58c9a7e7fe4e76958483,0.765625
683a58c9a7e7fe4e76958499,0.8043478260869565
6847465956a0f6376a6053f2,0.6491228070175439
6847465956a0f6376a605494,0.6410256410256411
